,x,y
0,"I have a flute, a piano, a trombone, four stoves, a violin, an accordion, a clarinet, a drum, two lamps, and a trumpet. How many musical instruments do I have?",8
1,"I have an apple, three bananas, a strawberry, a peach, three oranges, a plum, a raspberry, two grapes, a nectarine, and a blackberry. How many fruits do I have?",15
2,"I have a fridge, a chair, and a microwave. How many objects do I have?",3
3,"I have three blackberries, two strawberries, an apple, three oranges, a nectarine, a grape, a peach, a banana, and a plum. How many fruits do I have?",14
4,"I have a couch, an oven, two microwaves, and a fridge. How many objects do I have?",5
5,"I have a fish, a bear, and a frog. How many animals do I have?",3
6,"I have a car, and a toaster. How many objects do I have?",2
7,"I have a blackberry, a peach, a nectarine, a plum, a raspberry, an orange, a strawberry, a banana, two apples, and four grapes. How many fruits do I have?",14
8,"I have a yam, a cauliflower, a garlic, two lettuce heads, a head of broccoli, a potato, a stalk of celery, and an onion. How many vegetables do I have?",9
9,"I have a stove, a chair, two tables, a toaster, a fridge, three beds, and a couch. How many objects do I have?",10
10,"I have a chair, a stove, a table, two lamps, a bed, a couch, a toaster, a microwave, and a car. How many objects do I have?",10
11,"I have three yams, a lettuce head, an onion, a potato, a cabbage, a carrot, two heads of broccoli, and two stalks of celery. How many vegetables do I have?",12
12,"I have a piano, a flute, and four trombones. How many musical instruments do I have?",6
13,"I have a chicken, a frog, a mouse, a cat, two pigs, and two rabbits. How many animals do I have?",8
14,"I have a trumpet, a clarinet, two trombones, a flute, five violins, and a piano. How many musical instruments do I have?",11
15,"I have a duck, a peach, a strawberry, a fish, two chickens, a bear, and a banana. How many animals do I have?",5
16,"I have a microwave, a table, a fridge, a stove, an oven, a toaster, a couch, and four cars. How many objects do I have?",11
17,"I have three fridges, a bed, and five stoves. How many objects do I have?",9
18,"I have a blackberry, a plum, and a banana. How many fruits do I have?",3
19,"I have a piano, a trombone, a clarinet, a goat, an accordion, and a trumpet. How many musical instruments do I have?",5
20,"I have a fridge, a chair, a bed, an oven, a microwave, and a car. How many objects do I have?",6
21,"I have a stove, a bed, a lamp, three microwaves, a chair, a toaster, a table, two cars, a fridge, and an oven. How many objects do I have?",13
22,"I have a flute, two clarinets, a piano, a violin, and three accordions. How many musical instruments do I have?",8
23,"I have a yam, a cauliflower, a bed, two cabbages, a garlic, an oven, a carrot, a head of broccoli, a potato, a stalk of celery, a lettuce head, and a toaster. How many vegetables do I have?",10
24,"I have a potato, a yam, two heads of broccoli, and a cauliflower. How many vegetables do I have?",5
25,"I have two heads of broccoli, an apple, a lettuce head, and two onions. How many vegetables do I have?",5
26,"I have a drum, an accordion, and a violin. How many musical instruments do I have?",3
27,"I have a head of broccoli, a cabbage, a lettuce head, an onion, a carrot, a garlic, and a yam. How many vegetables do I have?",7
28,"I have a cauliflower, a stalk of celery, a cabbage, and a garlic. How many vegetables do I have?",4
29,"I have a piano, an accordion, three trombones, five clarinets, a violin, a drum, a trumpet, and three flutes. How many musical instruments do I have?",16
30,"I have an orange, three strawberries, an apple, three bananas, three raspberries, a peach, a blackberry, a grape, a plum, and two nectarines. How many fruits do I have?",17
31,"I have a microwave, a lamp, four cars, a stove, a toaster, and a bed. How many objects do I have?",9
32,"I have two couches, a toaster, two chairs, four microwaves, a table, and a lamp. How many objects do I have?",11
33,"I have an orange, an apple, and a blackberry. How many fruits do I have?",3
34,"I have a flute, and an accordion. How many musical instruments do I have?",2
35,"I have a mouse, a rabbit, a dog, a duck, and two goats. How many animals do I have?",6
36,"I have a bed, a fridge, a lamp, a toaster, four chairs, and a table. How many objects do I have?",9
37,"I have a trumpet, an accordion, three clarinets, and a violin. How many musical instruments do I have?",6
38,"I have a raspberry, a grape, and an orange. How many fruits do I have?",3
39,"I have three oranges, a pig, a frog, a cow, three bananas, a nectarine, and a snail. How many animals do I have?",4
40,"I have a banana, four strawberries, an apple, two peaches, a plum, a blackberry, and two raspberries. How many fruits do I have?",12
41,"I have a piano, and a trombone. How many musical instruments do I have?",2
42,"I have a trombone, a violin, a clarinet, an accordion, four flutes, a trumpet, two drums, and a piano. How many musical instruments do I have?",12
43,"I have a bear, a dog, a cow, a cat, two pigs, a donkey, a fish, a frog, and two goats. How many animals do I have?",11
44,"I have a fridge, an oven, a car, a toaster, a microwave, a table, and a bed. How many objects do I have?",7
45,"I have a donkey, a chicken, a pig, and a snail. How many animals do I have?",4
46,"I have a trumpet, four trombones, an accordion, a clarinet, a violin, and a drum. How many musical instruments do I have?",9
47,"I have a carrot, an onion, a stalk of celery, three yams, a garlic, a head of broccoli, and a potato. How many vegetables do I have?",9
48,"I have a flute, a trumpet, three accordions, three violins, a drum, three clarinets, and a trombone. How many musical instruments do I have?",13
49,"I have a blackberry, a raspberry, a peach, a head of broccoli, a plum, an orange, two bananas, a grape, two garlics, a nectarine, a lettuce head, and an apple. How many fruits do I have?",10
